<solver xStreamId="1">
  <scanAnnotatedClasses xStreamId="2"/>
  <scoreDirectorFactory xStreamId="3"/>
  <termination xStreamId="4">
    <millisecondsSpentLimit>0</millisecondsSpentLimit>
    <secondsSpentLimit>0</secondsSpentLimit>
    <minutesSpentLimit>10</minutesSpentLimit>
    <hoursSpentLimit>0</hoursSpentLimit>
    <daysSpentLimit>0</daysSpentLimit>
    <unimprovedMillisecondsSpentLimit>0</unimprovedMillisecondsSpentLimit>
    <unimprovedSecondsSpentLimit>0</unimprovedSecondsSpentLimit>
    <unimprovedMinutesSpentLimit>1</unimprovedMinutesSpentLimit>
    <unimprovedHoursSpentLimit>0</unimprovedHoursSpentLimit>
    <unimprovedDaysSpentLimit>0</unimprovedDaysSpentLimit>
  </termination>
  <constructionHeuristic xStreamId="5">
    <constructionHeuristicType>FIRST_FIT</constructionHeuristicType>
    <entitySorterManner>NONE</entitySorterManner>
  </constructionHeuristic>
  <localSearch xStreamId="6">
    <localSearchType>LATE_ACCEPTANCE</localSearchType>
  </localSearch>
</solver>